"Date","SPY","QQQ","IWM","EFA","EEM","AGG","TLT","GLD","USO","VNQ","GSG","HYG","IBIT"
2024-01-16,NA,NA,NA,NA,NA,NA,NA,NA,NA,NA,NA,NA,NA
2024-01-17,NA,NA,NA,NA,NA,NA,NA,NA,NA,NA,NA,NA,NA
2024-01-18,NA,NA,NA,NA,NA,NA,NA,NA,NA,NA,NA,NA,NA
2024-01-19,NA,NA,NA,NA,NA,NA,NA,NA,NA,NA,NA,NA,NA
2024-01-22,NA,NA,NA,NA,NA,NA,NA,NA,NA,NA,NA,NA,NA
2024-01-23,NA,NA,NA,NA,NA,NA,NA,NA,NA,NA,NA,NA,NA
2024-01-24,NA,NA,NA,NA,NA,NA,NA,NA,NA,NA,NA,NA,NA
2024-01-25,NA,NA,NA,NA,NA,NA,NA,NA,NA,NA,NA,NA,NA
2024-01-26,NA,NA,NA,NA,NA,NA,NA,NA,NA,NA,NA,NA,NA
2024-01-29,NA,NA,NA,NA,NA,NA,NA,NA,NA,NA,NA,NA,NA
2024-01-30,NA,NA,NA,NA,NA,NA,NA,NA,NA,NA,NA,NA,NA
2024-01-31,NA,NA,NA,NA,NA,NA,NA,NA,NA,NA,NA,NA,NA
2024-02-01,NA,NA,NA,NA,NA,NA,NA,NA,NA,NA,NA,NA,NA
2024-02-02,NA,NA,NA,NA,NA,NA,NA,NA,NA,NA,NA,NA,NA
2024-02-05,NA,NA,NA,NA,NA,NA,NA,NA,NA,NA,NA,NA,NA
2024-02-06,NA,NA,NA,NA,NA,NA,NA,NA,NA,NA,NA,NA,NA
2024-02-07,NA,NA,NA,NA,NA,NA,NA,NA,NA,NA,NA,NA,NA
2024-02-08,NA,NA,NA,NA,NA,NA,NA,NA,NA,NA,NA,NA,NA
2024-02-09,NA,NA,NA,NA,NA,NA,NA,NA,NA,NA,NA,NA,NA
2024-02-12,NA,NA,NA,NA,NA,NA,NA,NA,NA,NA,NA,NA,NA
2024-02-13,NA,NA,NA,NA,NA,NA,NA,NA,NA,NA,NA,NA,NA
2024-02-14,NA,NA,NA,NA,NA,NA,NA,NA,NA,NA,NA,NA,NA
2024-02-15,NA,NA,NA,NA,NA,NA,NA,NA,NA,NA,NA,NA,NA
2024-02-16,NA,NA,NA,NA,NA,NA,NA,NA,NA,NA,NA,NA,NA
2024-02-20,NA,NA,NA,NA,NA,NA,NA,NA,NA,NA,NA,NA,NA
2024-02-21,NA,NA,NA,NA,NA,NA,NA,NA,NA,NA,NA,NA,NA
2024-02-22,NA,NA,NA,NA,NA,NA,NA,NA,NA,NA,NA,NA,NA
2024-02-23,NA,NA,NA,NA,NA,NA,NA,NA,NA,NA,NA,NA,NA
2024-02-26,NA,NA,NA,NA,NA,NA,NA,NA,NA,NA,NA,NA,NA
2024-02-27,NA,NA,NA,NA,NA,NA,NA,NA,NA,NA,NA,NA,NA
2024-02-28,NA,NA,NA,NA,NA,NA,NA,NA,NA,NA,NA,NA,NA
2024-02-29,NA,NA,NA,NA,NA,NA,NA,NA,NA,NA,NA,NA,NA
2024-03-01,NA,NA,NA,NA,NA,NA,NA,NA,NA,NA,NA,NA,NA
2024-03-04,NA,NA,NA,NA,NA,NA,NA,NA,NA,NA,NA,NA,NA
2024-03-05,NA,NA,NA,NA,NA,NA,NA,NA,NA,NA,NA,NA,NA
2024-03-06,NA,NA,NA,NA,NA,NA,NA,NA,NA,NA,NA,NA,NA
2024-03-07,NA,NA,NA,NA,NA,NA,NA,NA,NA,NA,NA,NA,NA
2024-03-08,NA,NA,NA,NA,NA,NA,NA,NA,NA,NA,NA,NA,NA
2024-03-11,NA,NA,NA,NA,NA,NA,NA,NA,NA,NA,NA,NA,NA
2024-03-12,NA,NA,NA,NA,NA,NA,NA,NA,NA,NA,NA,NA,NA
2024-03-13,NA,NA,NA,NA,NA,NA,NA,NA,NA,NA,NA,NA,NA
2024-03-14,NA,NA,NA,NA,NA,NA,NA,NA,NA,NA,NA,NA,NA
2024-03-15,NA,NA,NA,NA,NA,NA,NA,NA,NA,NA,NA,NA,NA
2024-03-18,NA,NA,NA,NA,NA,NA,NA,NA,NA,NA,NA,NA,NA
2024-03-19,NA,NA,NA,NA,NA,NA,NA,NA,NA,NA,NA,NA,NA
2024-03-20,NA,NA,NA,NA,NA,NA,NA,NA,NA,NA,NA,NA,NA
2024-03-21,NA,NA,NA,NA,NA,NA,NA,NA,NA,NA,NA,NA,NA
2024-03-22,NA,NA,NA,NA,NA,NA,NA,NA,NA,NA,NA,NA,NA
2024-03-25,NA,NA,NA,NA,NA,NA,NA,NA,NA,NA,NA,NA,NA
2024-03-26,NA,NA,NA,NA,NA,NA,NA,NA,NA,NA,NA,NA,NA
2024-03-27,NA,NA,NA,NA,NA,NA,NA,NA,NA,NA,NA,NA,NA
2024-03-28,NA,NA,NA,NA,NA,NA,NA,NA,NA,NA,NA,NA,NA
2024-04-01,NA,NA,NA,NA,NA,NA,NA,NA,NA,NA,NA,NA,NA
2024-04-02,NA,NA,NA,NA,NA,NA,NA,NA,NA,NA,NA,NA,NA
2024-04-03,NA,NA,NA,NA,NA,NA,NA,NA,NA,NA,NA,NA,NA
2024-04-04,NA,NA,NA,NA,NA,NA,NA,NA,NA,NA,NA,NA,NA
2024-04-05,NA,NA,NA,NA,NA,NA,NA,NA,NA,NA,NA,NA,NA
2024-04-08,NA,NA,NA,NA,NA,NA,NA,NA,NA,NA,NA,NA,NA
2024-04-09,NA,NA,NA,NA,NA,NA,NA,NA,NA,NA,NA,NA,NA
2024-04-10,NA,NA,NA,NA,NA,NA,NA,NA,NA,NA,NA,NA,NA
2024-04-11,NA,NA,NA,NA,NA,NA,NA,NA,NA,NA,NA,NA,NA
2024-04-12,NA,NA,NA,NA,NA,NA,NA,NA,NA,NA,NA,NA,NA
2024-04-15,NA,NA,NA,NA,NA,NA,NA,NA,NA,NA,NA,NA,NA
2024-04-16,NA,NA,NA,NA,NA,NA,NA,NA,NA,NA,NA,NA,NA
2024-04-17,NA,NA,NA,NA,NA,NA,NA,NA,NA,NA,NA,NA,NA
2024-04-18,NA,NA,NA,NA,NA,NA,NA,NA,NA,NA,NA,NA,NA
2024-04-19,NA,NA,NA,NA,NA,NA,NA,NA,NA,NA,NA,NA,NA
2024-04-22,NA,NA,NA,NA,NA,NA,NA,NA,NA,NA,NA,NA,NA
2024-04-23,NA,NA,NA,NA,NA,NA,NA,NA,NA,NA,NA,NA,NA
2024-04-24,NA,NA,NA,NA,NA,NA,NA,NA,NA,NA,NA,NA,NA
2024-04-25,NA,NA,NA,NA,NA,NA,NA,NA,NA,NA,NA,NA,NA
2024-04-26,NA,NA,NA,NA,NA,NA,NA,NA,NA,NA,NA,NA,NA
2024-04-29,NA,NA,NA,NA,NA,NA,NA,NA,NA,NA,NA,NA,NA
2024-04-30,NA,NA,NA,NA,NA,NA,NA,NA,NA,NA,NA,NA,NA
2024-05-01,NA,NA,NA,NA,NA,NA,NA,NA,NA,NA,NA,NA,NA
2024-05-02,NA,NA,NA,NA,NA,NA,NA,NA,NA,NA,NA,NA,NA
2024-05-03,NA,NA,NA,NA,NA,NA,NA,NA,NA,NA,NA,NA,NA
2024-05-06,NA,NA,NA,NA,NA,NA,NA,NA,NA,NA,NA,NA,NA
2024-05-07,NA,NA,NA,NA,NA,NA,NA,NA,NA,NA,NA,NA,NA
2024-05-08,NA,NA,NA,NA,NA,NA,NA,NA,NA,NA,NA,NA,NA
2024-05-09,NA,NA,NA,NA,NA,NA,NA,NA,NA,NA,NA,NA,NA
2024-05-10,NA,NA,NA,NA,NA,NA,NA,NA,NA,NA,NA,NA,NA
2024-05-13,NA,NA,NA,NA,NA,NA,NA,NA,NA,NA,NA,NA,NA
2024-05-14,NA,NA,NA,NA,NA,NA,NA,NA,NA,NA,NA,NA,NA
2024-05-15,NA,NA,NA,NA,NA,NA,NA,NA,NA,NA,NA,NA,NA
2024-05-16,NA,NA,NA,NA,NA,NA,NA,NA,NA,NA,NA,NA,NA
2024-05-17,NA,NA,NA,NA,NA,NA,NA,NA,NA,NA,NA,NA,NA
2024-05-20,NA,NA,NA,NA,NA,NA,NA,NA,NA,NA,NA,NA,NA
2024-05-21,NA,NA,NA,NA,NA,NA,NA,NA,NA,NA,NA,NA,NA
2024-05-22,NA,NA,NA,NA,NA,NA,NA,NA,NA,NA,NA,NA,NA
2024-05-23,NA,NA,NA,NA,NA,NA,NA,NA,NA,NA,NA,NA,NA
2024-05-24,NA,NA,NA,NA,NA,NA,NA,NA,NA,NA,NA,NA,NA
2024-05-28,NA,NA,NA,NA,NA,NA,NA,NA,NA,NA,NA,NA,NA
2024-05-29,NA,NA,NA,NA,NA,NA,NA,NA,NA,NA,NA,NA,NA
2024-05-30,NA,NA,NA,NA,NA,NA,NA,NA,NA,NA,NA,NA,NA
2024-05-31,NA,NA,NA,NA,NA,NA,NA,NA,NA,NA,NA,NA,NA
2024-06-03,NA,NA,NA,NA,NA,NA,NA,NA,NA,NA,NA,NA,NA
2024-06-04,NA,NA,NA,NA,NA,NA,NA,NA,NA,NA,NA,NA,NA
2024-06-05,NA,NA,NA,NA,NA,NA,NA,NA,NA,NA,NA,NA,NA
2024-06-06,NA,NA,NA,NA,NA,NA,NA,NA,NA,NA,NA,NA,NA
2024-06-07,NA,NA,NA,NA,NA,NA,NA,NA,NA,NA,NA,NA,NA
2024-06-10,NA,NA,NA,NA,NA,NA,NA,NA,NA,NA,NA,NA,NA
2024-06-11,NA,NA,NA,NA,NA,NA,NA,NA,NA,NA,NA,NA,NA
2024-06-12,NA,NA,NA,NA,NA,NA,NA,NA,NA,NA,NA,NA,NA
2024-06-13,NA,NA,NA,NA,NA,NA,NA,NA,NA,NA,NA,NA,NA
2024-06-14,NA,NA,NA,NA,NA,NA,NA,NA,NA,NA,NA,NA,NA
2024-06-17,NA,NA,NA,NA,NA,NA,NA,NA,NA,NA,NA,NA,NA
2024-06-18,NA,NA,NA,NA,NA,NA,NA,NA,NA,NA,NA,NA,NA
2024-06-20,NA,NA,NA,NA,NA,NA,NA,NA,NA,NA,NA,NA,NA
2024-06-21,NA,NA,NA,NA,NA,NA,NA,NA,NA,NA,NA,NA,NA
2024-06-24,NA,NA,NA,NA,NA,NA,NA,NA,NA,NA,NA,NA,NA
2024-06-25,NA,NA,NA,NA,NA,NA,NA,NA,NA,NA,NA,NA,NA
2024-06-26,NA,NA,NA,NA,NA,NA,NA,NA,NA,NA,NA,NA,NA
2024-06-27,NA,NA,NA,NA,NA,NA,NA,NA,NA,NA,NA,NA,NA
2024-06-28,NA,NA,NA,NA,NA,NA,NA,NA,NA,NA,NA,NA,NA
2024-07-01,NA,NA,NA,NA,NA,NA,NA,NA,NA,NA,NA,NA,NA
2024-07-02,NA,NA,NA,NA,NA,NA,NA,NA,NA,NA,NA,NA,NA
2024-07-03,NA,NA,NA,NA,NA,NA,NA,NA,NA,NA,NA,NA,NA
2024-07-05,NA,NA,NA,NA,NA,NA,NA,NA,NA,NA,NA,NA,NA
2024-07-08,NA,NA,NA,NA,NA,NA,NA,NA,NA,NA,NA,NA,NA
2024-07-09,NA,NA,NA,NA,NA,NA,NA,NA,NA,NA,NA,NA,NA
2024-07-10,NA,NA,NA,NA,NA,NA,NA,NA,NA,NA,NA,NA,NA
2024-07-11,NA,NA,NA,NA,NA,NA,NA,NA,NA,NA,NA,NA,NA
2024-07-12,NA,NA,NA,NA,NA,NA,NA,NA,NA,NA,NA,NA,NA
2024-07-15,NA,NA,NA,NA,NA,NA,NA,NA,NA,NA,NA,NA,NA
2024-07-16,NA,NA,NA,NA,NA,NA,NA,NA,NA,NA,NA,NA,NA
2024-07-17,0.00541141032758489,0.00872840156168418,0.0115431633872138,0.00719433912954295,0.00720218174664219,0.00340014202591984,0.00896274888260731,0.0109523009712138,0.0128231162500863,0.00975540206732951,0.00833170839223177,0.00264410431570202,0.035051033304097
2024-07-18,0.00610877526786101,0.00967448717198504,0.0115588668271774,0.00717536832915945,0.00758826438882873,0.00336677705806628,0.00890348251557603,0.0110278339949795,0.0129620521497903,0.00969460871776396,0.00825140764672169,0.00261427842384688,0.0347363632264925
2024-07-19,0.00617158246974818,0.00961602719461101,0.01178721870107,0.00725623928092108,0.00761048913142468,0.00342986972448638,0.00889501838065692,0.0104882028617311,0.0129316898139389,0.0096884800122754,0.00824747564357688,0.00260058963250684,0.0344921027160479
2024-07-22,0.00621159386645623,0.00962273884540031,0.0116786478023485,0.00724016483757273,0.00774075234450365,0.00336616002955034,0.00883948517712349,0.0112456164805374,0.0132443540084644,0.00959811922028201,0.00841208747037781,0.00257450114256615,0.0350911384348934
2024-07-23,0.00626998250681718,0.00971370772543469,0.0117458936308872,0.00729787046012354,0.00766966647757232,0.00329999081537449,0.00876604854431905,0.0109309717798452,0.0131278428681007,0.00958903759632493,0.00835429560638183,0.00258031157181867,0.0347810338645976
2024-07-24,0.00622448234322619,0.00964371010283415,0.0117127306485811,0.00727857882247128,0.00770463282355667,0.00330976644975447,0.00869708530644982,0.0105407771048936,0.0131335320288767,0.00949390718734595,0.00833998327409361,0.0025586724538457,0.0349732836485867
2024-07-25,0.0069181805840288,0.0107162287019025,0.0119959256545813,0.007416410187119,0.00790034359356232,0.00330400680602818,0.00872757846663569,0.0104603993474541,0.0130116595040357,0.009645668999124,0.00826755433503799,0.00261071953438343,0.0346354368382825
2024-07-26,0.00700795798254373,0.0107352733837983,0.0119927287743147,0.00740570705123118,0.00784675532560857,0.00329670708714921,0.00871693900568993,0.0108849692509691,0.0129324893655069,0.00959714702074486,0.00820403208895516,0.00254913362148596,0.0343915343707596
2024-07-29,0.0070153885233584,0.0107182666925042,0.012058264535513,0.00751240806343577,0.00786424494417146,0.00332183306930318,0.00869838322360034,0.0110830179095304,0.0130446014304934,0.00973470312037402,0.00826558203599237,0.00253994962237944,0.0347676418775755
2024-07-30,0.0069682911342804,0.0106343511576567,0.0120080758858632,0.00747749698533143,0.00782105874451194,0.00325867597733879,0.00864620107994738,0.01051806986422,0.0130289934122857,0.00966832426802296,0.00827550877908663,0.00253079979441579,0.034494875156566
2024-07-31,0.00697091039808565,0.0107067234939462,0.0118650024664828,0.00742053012831317,0.00777519688204899,0.00321384153044898,0.0085793971995083,0.0104835893600158,0.0130051549260182,0.00960781702295598,0.00820989008669894,0.00245018275860058,0.0343151361713167
2024-08-01,0.00889110813524632,0.011210526173975,0.01184831606315,0.00755903452385241,0.00821640856900199,0.00330898954952672,0.00860410763121486,0.0111378449922088,0.0140719798822776,0.00956874630283593,0.00874794148196563,0.00250769825526086,0.0340282459709532
2024-08-02,0.00980703146894294,0.015973180596359,0.0125448462847549,0.00882912261209053,0.0084951605075801,0.00324483960064272,0.00859504138570997,0.0106851406590453,0.0141664028083509,0.00951946132209982,0.00895780957834972,0.00248020456295442,0.0339889546639344
2024-08-05,0.0116178578558134,0.017222354120626,0.0214493496391898,0.0101464537380151,0.0086150615247874,0.00351299828787556,0.00939370289808132,0.0104859161502716,0.0148431085475123,0.00944133420535638,0.00914938885990961,0.00251386381069159,0.0337224482621931
2024-08-06,0.0162909876954206,0.0195958700301537,0.0222893019658676,0.0128317400181316,0.00926249138550395,0.00348710924944921,0.00933637894499838,0.0106836334701433,0.0147368574230054,0.0101686576175638,0.00909395141327192,0.0026595500093319,0.038417805076927
2024-08-07,0.0151234469176917,0.0180910811072085,0.0166119128804472,0.00918899170282642,0.0129418855415368,0.0036122275228913,0.00969554946577193,0.0105262678909191,0.0146847794823196,0.0103875710361162,0.00904882194567813,0.00268256394426932,0.0388533027874279
2024-08-08,0.0140944641633976,0.017091580021275,0.0139131902090639,0.00758252978121751,0.0107919721485027,0.00356540613687665,0.00966738185707197,0.0104380707123727,0.0150508171164894,0.0103453552514988,0.00912827001052226,0.00268380234894512,0.0388253798628066
2024-08-09,0.0155869013654625,0.0190645341110502,0.0168928907788101,0.0101200227724431,0.0135122162370952,0.00352152113704628,0.00962900553594452,0.0105573176316742,0.0149800773010074,0.0103201583241008,0.00909022876870744,0.00269561282648534,0.0399167221515382
2024-08-12,0.0142720280503803,0.017520891605809,0.0136579471341946,0.00856195703748869,0.0114374312172241,0.00358127303125668,0.00962673998230282,0.0104564575223021,0.0149322979150519,0.0102388165548904,0.00905744964409708,0.0026595329664558,0.0397025997284617
2024-08-13,0.013033204710453,0.0160843998952272,0.0125301653493761,0.00749109117564183,0.0097941661715933,0.00349356653219027,0.00956292428611746,0.0105556056276721,0.0152831250197798,0.0102060437960985,0.00926021800982791,0.0026295838685422,0.0395806532908844
2024-08-14,0.0133174762789502,0.0170566587986836,0.0135704045431857,0.00979303759664466,0.00963659768959331,0.00349008698108533,0.00952367990895387,0.0104911070272798,0.0152613340168162,0.0101666167194163,0.00927817416636926,0.00265632766053011,0.0394444568677282
2024-08-15,0.0121848432351735,0.0156983802414215,0.0122623984297034,0.00875855013977112,0.00897039703954047,0.00349033490899703,0.00947783251578538,0.0104771090307357,0.0152498388803222,0.0100770336137209,0.00922502993438116,0.00267171182509093,0.0393643937123514
2024-08-16,0.0127718795456949,0.0168129903171879,0.0158716038669641,0.00902464683169524,0.00911568639178084,0.00349109039710872,0.00946640754164358,0.0104081423273704,0.0151933090900373,0.010004548177924,0.00920823078515153,0.00264169459090569,0.0392860642357413
2024-08-19,0.0116529540196258,0.0155125040232773,0.0135592510163886,0.00832267730732588,0.00941963383382735,0.00345603174280059,0.00940263100042229,0.0110137100295847,0.0151892784877768,0.0098980544534951,0.00916715807842863,0.00264845482674969,0.0393923701685244
2024-08-20,0.0111041271256881,0.014884958127588,0.0131037761378779,0.00870832764711897,0.00905443558304287,0.00342698353141082,0.00934485812570343,0.0105824000766691,0.0153885256188944,0.00987180409285316,0.00913702074861364,0.00259790422752658,0.0391499635622138
2024-08-21,0.0101636361667892,0.0137984193688609,0.0129331677767244,0.00809085791566457,0.00940328041064701,0.00343302171676258,0.0093385977493984,0.01049996404039,0.0153124859702339,0.00976771600726597,0.0090904093590308,0.00256798036176873,0.0388840462140478
2024-08-22,0.00923091877709994,0.0127730932060007,0.0129023466513865,0.0080695366408889,0.00935750841478988,0.0033841674683151,0.00924738626787213,0.0104349802432821,0.0153364424727249,0.00969274350370328,0.00908258303286629,0.00256364763732663,0.0388236897978808
2024-08-23,0.00916858035769748,0.0134073890548614,0.0124015538697651,0.0078603011662687,0.00940776098240498,0.00340374282368285,0.00926817324179083,0.0104816740409153,0.0153151129899999,0.00960386253828406,0.00902759626608912,0.00254342669630069,0.0386571362342976
2024-08-26,0.00914633470212132,0.0128731912369435,0.0171606530760333,0.00949028273462241,0.0106221702455099,0.00341380935494114,0.00922689357703639,0.0105045654341554,0.0155209996447545,0.00991033493392408,0.00921816820422791,0.00268749725638439,0.0389279702952998
2024-08-27,0.00848975751252068,0.0126069654587049,0.0147613530185051,0.00892333509790807,0.0100778456085009,0.00341681094283146,0.00916591420365464,0.0104135436674188,0.0174632298499147,0.00982429703949593,0.00929381336525195,0.00259337741233484,0.0386680207661974
2024-08-28,0.00778633950610815,0.011788940968805,0.0136284190371591,0.00835274216417465,0.00946174127106815,0.00339823951067524,0.00910127680969529,0.0103460731174652,0.0172999401692725,0.00973546176319747,0.00926008599100113,0.00257317589355922,0.038485379468321
2024-08-29,0.00770846367588784,0.0118897740137354,0.0127042147410447,0.0079322556968165,0.0094327817427799,0.00333408059905133,0.00903494239891589,0.0103235621092393,0.0168497418452672,0.00967136901567177,0.00929895678073947,0.00254736804734801,0.038755247441149
2024-08-30,0.00716981526677108,0.0112178138140327,0.0120158138607457,0.00750882196931901,0.00936977420382111,0.00332201241556315,0.00897833959824056,0.010264858121019,0.0165962300594729,0.00962108932990238,0.00933060585070217,0.0025265501606659,0.0384912398688683
2024-09-03,0.00739902023177796,0.0111573390707606,0.0115329587924686,0.00711720344691831,0.00930829350824988,0.00329950432804627,0.009013908520033,0.0102438820084329,0.0183548976971295,0.00957687448382072,0.00939709393667741,0.00249939444514354,0.0382469307326357
2024-09-04,0.0104949597524618,0.0146892171422834,0.01572036742144,0.00869042725606148,0.0106003037061746,0.0033053294090343,0.00914812951769185,0.0101367205597575,0.022342233977415,0.00950348449851602,0.0108402356225026,0.0025255424834859,0.0380123519259476
2024-09-05,0.00981718706073067,0.0138745425074993,0.0144133152953512,0.00835527607854995,0.00948013327228776,0.00331252393322051,0.00919907687570632,0.0100243133282683,0.0219097133027971,0.00943008428688683,0.0109142686649649,0.00254165511055227,0.0377473191660636
2024-09-06,0.00922595092637844,0.0131120676880443,0.0135362706627355,0.0079421806939711,0.00941900536934079,0.00330929372644569,0.00915143647698099,0.0100300947313317,0.0204276774549643,0.0093666073519025,0.0106259447471167,0.00255709961004104,0.0377398515068309
2024-09-09,0.0106514503328846,0.0151183064422064,0.0142745726179043,0.00966772427974237,0.0105287292146045,0.00327077566965563,0.0090855082275799,0.0100627266064828,0.0196569020270831,0.00929658008931311,0.0108718258618054,0.00259779961706119,0.0378671239840794
2024-09-10,0.0105357581802667,0.0147273898723466,0.013360994156203,0.00959285065999475,0.00959829793387353,0.00324374750780293,0.00902907072645103,0.00934466754296255,0.0185022425735767,0.00930051659586152,0.0106197874125722,0.00251371489617071,0.0384506835813667
2024-09-11,0.00987962069707196,0.0141364796696308,0.0125876561505703,0.00924253318419875,0.00953206687725356,0.0033058999299269,0.00899337545210285,0.00917562572073333,0.0203644479202815,0.00935974585437041,0.0105661567772775,0.00250894331203959,0.0382313176063786
2024-09-12,0.009760161892963,0.0147989847247124,0.0119603641050043,0.00887211042388037,0.00950458760514298,0.00328665872937541,0.00892926587093722,0.00898823622164698,0.0196096911692414,0.00929839153212676,0.0104275410546984,0.00247467397918468,0.0379808547573722
2024-09-13,0.00946530346721769,0.014228653264013,0.0122465195061851,0.00874015042940069,0.0094855916408921,0.0032828483832732,0.00888776115887944,0.00946460142537632,0.0205948107091545,0.00923041269059001,0.0112571395916434,0.00249236568971992,0.0377531708259786
2024-09-16,0.00896456970320159,0.0135010766132872,0.0141079110078374,0.00831171801503398,0.00943739216256194,0.00319130823353457,0.00885125776083594,0.0099457043701081,0.0194633565927066,0.00922596955624396,0.0103231971935761,0.00245295712079533,0.0375892817671685
2024-09-17,0.00839926456380695,0.0129152155150773,0.0138816427094501,0.0082075154973374,0.00938258913996955,0.00316521499657208,0.00881595974715067,0.00929277333772666,0.0188681007487003,0.00915030599280019,0.00988675153754618,0.00243613400777678,0.0375259156909199
2024-09-18,0.00788699860764669,0.0122574136605761,0.0128254530092504,0.00803660792448817,0.00932310262236591,0.00312073243189769,0.00877730017551802,0.00921198485493717,0.0180961032923957,0.00914186369336192,0.00949608831012572,0.00242988518472046,0.0374666663779315
2024-09-19,0.00754457384088044,0.0117696342804209,0.0122424438582843,0.00777199598374308,0.00927830343345778,0.00322859076859886,0.00885452786432577,0.00983552937130835,0.0177457697625234,0.00907597555748083,0.00924275784542875,0.00237046081678952,0.0372142169622568
2024-09-20,0.00895039127294223,0.0133686369865817,0.0132861800335194,0.00930256815455504,0.0095015948645134,0.0031704605182879,0.00880304125618171,0.00946617882442396,0.0189916558894888,0.00900246728342697,0.0107289972885058,0.00237493574406015,0.0374689384488344
2024-09-23,0.0084914034378994,0.0127641948501399,0.0131251024747781,0.00944680170353405,0.0094480836248988,0.0030897179256904,0.00875505366206982,0.00953105410540235,0.0179973358575155,0.0089545527608498,0.0100382079041853,0.00234815779568032,0.0372302636618481
2024-09-24,0.00803332054162298,0.0121821857604495,0.0125917615023002,0.00905805558991349,0.00942263355063451,0.00306781541986029,0.00869695313112602,0.00940005249933501,0.0173061900577334,0.00894798841923542,0.00942645139778087,0.00233696135769878,0.0369856135114889
2024-09-25,0.00762316946629884,0.011676172647503,0.0120784476085883,0.0088010478804752,0.01394683816158,0.00303599421596463,0.00863314560725506,0.00950529050644918,0.0168508471540535,0.00887136324444069,0.0099212196271448,0.00231272118298959,0.036785719478511
2024-09-26,0.00732508237102619,0.0111645585461814,0.0122966330131767,0.00860734901299219,0.0127578833377668,0.00310160945881809,0.00863525423670716,0.00939110156672836,0.0178218029420502,0.00885554673341179,0.00997184974620338,0.00229436325515176,0.0365864489469878
2024-09-27,0.00701855443920982,0.0108343711804895,0.0119222665719755,0.0101169947008096,0.0187431555829538,0.00305939518685116,0.00857404367889749,0.00929956876349711,0.0198163420601528,0.00887615199691522,0.0101778049841703,0.0022486732189022,0.0364494320540159
2024-09-30,0.00674397232549823,0.0106007526738784,0.0116733736524588,0.00988686189675957,0.0155760309180043,0.00302320570756153,0.00852851980982502,0.00930385530896958,0.0195680600444551,0.00879816289705156,0.00988510518585584,0.0022509416026775,0.0362361134596093
2024-10-01,0.00650098409455129,0.0101778000265647,0.011313099496096,0.00964966233071337,0.0150297725906239,0.00306452771549952,0.00848900420375302,0.00931897984669114,0.0187649379361908,0.0087755929170433,0.00939068978105619,0.00220853511160264,0.036239935198756
2024-10-02,0.00709520331905189,0.0108241690578033,0.0118724149172573,0.00946357994943184,0.0129888879378685,0.00306262253204904,0.00846322720778165,0.00932306126415019,0.019897496675203,0.00875979324294883,0.0105129209562229,0.00216961918439557,0.0361651518015424
2024-10-03,0.00678113260507674,0.0104206463429797,0.011468263513314,0.00924975531815483,0.0136909492971536,0.0030441668111241,0.00848009742604839,0.00918197497265137,0.0191754201187425,0.00870476451064315,0.010330808674718,0.00211987666157183,0.0360303665266778
2024-10-04,0.00655964524514803,0.0100583767495572,0.0113341660535311,0.00928614885911207,0.0129871136444257,0.00311167667880802,0.00848955274717606,0.00906065453469411,0.0214590690341185,0.00872915068523196,0.0110864578642992,0.00214781449582608,0.0358164962988568
2024-10-07,0.00680858637732978,0.010194782640277,0.0117968610599598,0.00905350641667667,0.0117412491577049,0.00315829500466727,0.00856076158334927,0.00893471020003296,0.020656942297986,0.0086849229600071,0.0106145503323496,0.00211512585429148,0.0356612502503585
2024-10-08,0.00730258977752355,0.0104454544919243,0.0116714565972711,0.0088765790057528,0.0107070394431911,0.00310648504510426,0.00855109419899383,0.00883705178758462,0.0221842209301393,0.00870340053887759,0.0110177267573281,0.00225444710548279,0.0354532094526671
2024-10-09,0.00745850246016449,0.0108044688776017,0.0112685477461078,0.00857630045778191,0.0143485529870098,0.00312512078003436,0.00848977177719391,0.00884936972917097,0.0246344312843238,0.00864513303954744,0.0126669511516763,0.00223480404203847,0.0352870565657055
2024-10-10,0.00733627647640593,0.0105681375023899,0.0109335875422768,0.00825597362871297,0.0129663989371099,0.00308165097959502,0.00839956396184445,0.00879608248417291,0.0236949047513177,0.00857043981292159,0.0124641437469378,0.0022120320231191,0.0351369295286498
2024-10-11,0.00705966234813478,0.0102192050345991,0.0107947859296917,0.00795925202665225,0.0115864899481953,0.00313817284033202,0.00841060348346635,0.0087155773076323,0.0245117411643492,0.0085786632850999,0.0129906517940857,0.00217832095741575,0.0349919481167652
2024-10-14,0.00691889818125175,0.00987220380437937,0.0122594244725346,0.00774670971245837,0.0106812761761015,0.00304043237936205,0.00837948280481139,0.00877397970197929,0.0235335159532429,0.00861114430752964,0.012649356938971,0.00216470058659196,0.0353831503868557
2024-10-15,0.00698126450963127,0.00975356212337974,0.0119148467727572,0.00747105948108408,0.00989557910123688,0.00313317139986196,0.00830353223623371,0.00863402273456042,0.0233214683190326,0.00856536149743741,0.0128960307429664,0.00212749117456353,0.0355019275513198
2024-10-16,0.00727692555875061,0.0103756964375008,0.0114739910048137,0.00856702886959963,0.0124885653546125,0.00302932534415206,0.00836563916687675,0.00846847976992451,0.0253830659435337,0.00860281842735737,0.0137171965673433,0.00208822071498274,0.0353025167039612
2024-10-17,0.00701323980370393,0.0100244894561214,0.0120864739595783,0.00831920332495875,0.0116657032328784,0.00298366099119853,0.00831872178224185,0.0083173484069575,0.0244076616230435,0.00861517336637901,0.013340434426539,0.00204429188735774,0.0350819705428161
2024-10-18,0.00671702360012034,0.0096953348869329,0.0116715528658139,0.00811650525284977,0.010731525419203,0.00303034038051047,0.00846980826675853,0.00818427225540099,0.0234310669276743,0.00862253261269361,0.0129825301442564,0.00206115230037591,0.0348953228790908
2024-10-21,0.00649371305320342,0.00950692363213955,0.0113143536486968,0.00802643087894112,0.0104202148764155,0.00301502356410369,0.00844699580454502,0.00826467015317685,0.0230076531876217,0.00858646394032686,0.012764245613253,0.00205139076033976,0.0347775685733627
2024-10-22,0.00630096173463955,0.00920521619650037,0.0120440589199476,0.00832390205203892,0.0100691715632007,0.00314832879878495,0.00859307223511706,0.00807907270723946,0.02226431474874,0.00886347330383403,0.0125427692228348,0.00217299309000837,0.0345871229118722
2024-10-23,0.00607242968710594,0.00891592942594895,0.0116612752871047,0.00822363250737699,0.00944214179923111,0.00315728337564486,0.00853669883359968,0.00817361717116615,0.0222843609344882,0.00882628872846922,0.0126542272828983,0.00215708761480322,0.0343609143917805
2024-10-24,0.00675788624661811,0.00998605541008405,0.011632423601256,0.00834752631911278,0.00919288460177358,0.00307862026691941,0.00848513119997067,0.00852792509125944,0.0213537711855179,0.00874337113448402,0.0122330387595714,0.00219707144840354,0.0341885036808086
2024-10-25,0.00648108627374317,0.00985735546772573,0.0112553650875847,0.00822276358716889,0.00871398497159021,0.00307442896504872,0.00845992943354601,0.00850726643353029,0.0203849456157183,0.00870782403974389,0.0117105781018056,0.00219788033247114,0.0340891464875136
2024-10-28,0.00623515902367888,0.00964063082213969,0.0109902275014432,0.00806178804668542,0.00830963079350338,0.00303852097682265,0.00842745492832683,0.00833564840926963,0.0198064029636867,0.00872443059478644,0.0113635469966964,0.0021773322459031,0.0339731102701703
2024-10-29,0.0060243808642419,0.00934067513575578,0.0116868870498705,0.00801476021132803,0.0080723576980908,0.00307202016351925,0.00837622482847857,0.0081670803153707,0.0243267137377198,0.00866747964397371,0.013307731071498,0.00217564312489255,0.0345415614522245
2024-10-30,0.00578866054127246,0.0093760737452844,0.0113444597192928,0.00790236140891114,0.00790019066644928,0.00302188410620255,0.00832132264034197,0.00825348288033381,0.0236745861866342,0.00865019054944738,0.0130239057466008,0.00214205708906394,0.0341571588109028
2024-10-31,0.00573344463165097,0.00944741624442005,0.011006006475909,0.00786168983877825,0.00854836201289685,0.00304185134085256,0.00829529758317697,0.00814101845695636,0.0236779862747696,0.00860125977020041,0.0130064871174878,0.002129341338972,0.0339644959996064
2024-11-01,0.00854953801325537,0.0118337395166589,0.0118497511273349,0.00780795205997567,0.0085491979919176,0.00303724687222306,0.0082167341763911,0.00877057632092077,0.0236612005238518,0.00877872464106721,0.0129078316123413,0.00215982250968131,0.0349382102282904
2024-11-04,0.00814340489827172,0.0114548603448926,0.0115200197082314,0.00763615995620019,0.00815582851154003,0.00302274169469486,0.00831703501549231,0.00870121588564654,0.0231676738816771,0.00882088601027009,0.0128525980438889,0.00213660196727122,0.0346951957911542
2024-11-05,0.00781073830654702,0.0110562764248741,0.011228878861523,0.00745727858092768,0.00804617203228642,0.00302703638543722,0.00844698983997139,0.00854159031643309,0.023773395966013,0.00882918444666703,0.0131221382584587,0.0021267950369903,0.0336690010478816
2024-11-06,0.00815150154551878,0.0111196062587851,0.012113748837916,0.00761061765806601,0.00904742029972822,0.00298089776221898,0.00841562049535448,0.00839272084176852,0.02298562280716,0.0090584091255627,0.0128617881931225,0.00214211936978228,0.0336299976006588
2024-11-07,0.0108319959401002,0.0129455638434637,0.0138585115773684,0.00810338786284994,0.0097581386398748,0.00318202306296422,0.00887810579561649,0.00967291046356984,0.0221294703112455,0.00916894507424405,0.0126391670725879,0.00212011853390174,0.0351002912703426
2024-11-08,0.0102331824769834,0.0129909340771823,0.0137966744303764,0.00848798457409871,0.0121271052885635,0.00329018130630543,0.00892852551128423,0.00974322944754616,0.0212888133971015,0.00919664154550395,0.0123185395277632,0.00217984445344392,0.0352589285326571
2024-11-11,0.009576922663608,0.012334593633852,0.0137403224539877,0.00884348993561005,0.01511383294515,0.00314258539243936,0.00897870406257188,0.00966526775370768,0.0212637207221933,0.00927828508354877,0.0126392041708125,0.00217605023350907,0.0346739072854972
2024-11-12,0.00898594683934073,0.0118034421405789,0.0137407907613361,0.00861364622065718,0.0134411091764598,0.00314596890613604,0.00898539927484649,0.0100053763564208,0.0220905700240611,0.00923550355112434,0.0127814671049834,0.00214344720110588,0.0368277558801294
2024-11-13,0.00858814520367727,0.0113670816522568,0.0138036166549002,0.00937920951021565,0.0142980355213199,0.00324343338784589,0.00902990599947944,0.0100030893732467,0.0212907457397811,0.00932101973758709,0.0124777858799748,0.00221575160367088,0.0367791986667457
2024-11-14,0.00814489358125428,0.0109737709533934,0.0137799072902307,0.00919799322786969,0.0127436721647097,0.00316099027777725,0.00907031745685807,0.0100363362242728,0.0204503853921319,0.00927549566069156,0.0120070269367971,0.00221179241353074,0.0366977250760985
2024-11-15,0.00808549006673751,0.0108306316893072,0.0137893586094345,0.00894051497985972,0.0115007649692454,0.0031984882745647,0.00900418402346815,0.00997152696758097,0.0196979589842587,0.00927896286100161,0.0116358761104619,0.00222670750253002,0.036844240418564
2024-11-18,0.00876724812714608,0.012439146438944,0.0138134798911878,0.00874830578729641,0.0102685655731943,0.00322470406446129,0.00895655354642366,0.0099294000823154,0.0198687888272259,0.00921860662411672,0.011270510645295,0.00219291762511349,0.0369327703313492
2024-11-19,0.00835749392249374,0.0120131288027567,0.0137453013908811,0.00861008222557705,0.0103086262394379,0.00315387815835907,0.00891063228997073,0.00998723815712117,0.0211297293961974,0.00918926079104748,0.0121265579988589,0.00214878479765033,0.036737394239534
2024-11-20,0.00798979811651793,0.0116425072275711,0.0136923380833754,0.00841467815953978,0.00940586473563434,0.00313979690261153,0.00887769404274993,0.0100201802874825,0.02036546422195,0.00913873183721925,0.0117531591407834,0.00213187068478273,0.03654638390015
2024-11-21,0.00763371611207918,0.0112328837548963,0.0136238369225491,0.00824442200621332,0.008747064133475,0.00318180148272423,0.00883396397275706,0.00997987027703888,0.0196258738381378,0.00908145546721721,0.011400227485316,0.0021033083256209,0.0363570178811925
2024-11-22,0.00741854542347615,0.0108721751637088,0.0136297107890689,0.00805481952377607,0.00831137484970516,0.00315754793990402,0.00878461002154207,0.00995556862533406,0.0193297259505248,0.00905169415036436,0.0112189818267577,0.00207546991065982,0.0364072964419583
2024-11-25,0.00714822771490251,0.0105307963134969,0.0136718262160449,0.00790096043099927,0.00792666534758846,0.00310192825641286,0.00874316671493585,0.00997426322842754,0.0189120705873446,0.00902317449718227,0.0108197850733754,0.00204725622336134,0.0361217569675281
2024-11-26,0.00691503176966812,0.0102108531434961,0.0136750161604624,0.00779039975382836,0.00763908925542378,0.00322688885306645,0.00909238997793478,0.010378315982624,0.0199310860243363,0.00908122272767869,0.0110323904174944,0.00208585068988101,0.0363396974735284
2024-11-27,0.00679845917287203,0.00997621811626037,0.0136349260176213,0.00772037197429556,0.00769139717027507,0.00312917598642623,0.00909078434213703,0.0103298651377695,0.019309834587019,0.00902821383247812,0.0107097887426664,0.00209146589716653,0.0364709663813294
2024-11-29,0.00670555054007832,0.0100068626733846,0.0135678025712567,0.007618219010702,0.00745079582852824,0.00325091033087993,0.00903146123960687,0.0113440155960823,0.0185900841350676,0.0089893828598351,0.0103242196249778,0.00212786142934357,0.0366641616889492
2024-12-02,0.00668305096261522,0.00994267750126607,0.0135031339486166,0.00800556092827592,0.00726245854484486,0.00323893372878542,0.0090777705872574,0.0101150391705383,0.0178773187174149,0.00895147017468608,0.00992157917707606,0.00210336505641136,0.0366096205252703
2024-12-03,0.00647674368418806,0.0100120939923381,0.013437321300736,0.00785908484112349,0.00723427872295431,0.00323754061790802,0.00899898354589277,0.0102564952326132,0.0173226590407183,0.00909988001828775,0.00971839820645344,0.00207436075632751,0.0364629598959609
2024-12-04,0.00629362675069369,0.00974213452379822,0.0133965363295439,0.00777303006985773,0.00706911660601974,0.00319098225022588,0.00899596938089783,0.0102090020299135,0.0183166684855184,0.009041474482214,0.00996885330036275,0.00203695805173668,0.0362755126702699
2024-12-05,0.00633189448265811,0.00994460958494151,0.0133318782521367,0.00760390206384752,0.00693763367951827,0.0030999450430996,0.00901370967231696,0.0101622689252585,0.0181915450450946,0.00902483920914478,0.00989454601697584,0.00203638339633855,0.0362305102230023
2024-12-06,0.00622419519049505,0.00973492139470779,0.0133273642461204,0.00749913757151893,0.00729522927418079,0.00317358930327451,0.00896801760978544,0.0101478554234727,0.0176223255940364,0.00892494405536931,0.00952378984676585,0.00201279419000787,0.0360441949491224
2024-12-09,0.00605291373413492,0.00969349155559972,0.0132631658954183,0.00732319119758717,0.00709220748967296,0.00315746506719553,0.00893865582306548,0.0101000640941286,0.0176309033241776,0.00887056191875212,0.00943073208447388,0.00198523240961259,0.0359152344024009
2024-12-10,0.00625906484882409,0.00976729031067237,0.0132130230831895,0.00715214029043592,0.0110139986689237,0.00313312218487125,0.00892621252898896,0.0100892892573907,0.0173316685226213,0.00881563813429605,0.00959793397668431,0.0019615185929815,0.0362054954467424
2024-12-11,0.00622947005889597,0.0095881642535701,0.0131563403024223,0.00735890277221821,0.0121730662004995,0.00314250019257648,0.00889305943720123,0.0101097400799531,0.0167308761289021,0.00891993282758261,0.00934704837417649,0.00193300257264776,0.0360186478074821
2024-12-12,0.00641959263371793,0.0103738464073869,0.0130946880868449,0.0073279604975867,0.0106341891278989,0.00316303639420027,0.00891029215455031,0.0100948081774205,0.0175902166322122,0.00886914585102408,0.00951569676721412,0.00189969428708322,0.0361492322267298
2024-12-13,0.00653818295114248,0.0102712680581486,0.0131045264423222,0.00746979073445243,0.00978788576923958,0.00319109647108023,0.0089557607636896,0.0101786881312994,0.0170164076452287,0.00881701722625277,0.00925337762673294,0.00196219365776656,0.0360113751528811
2024-12-16,0.00632272002384219,0.0101019802822945,0.0130624033003968,0.00734768558445298,0.00890252346982211,0.00307091810143455,0.00894903717259184,0.0101964248504171,0.0167743044195653,0.0087672301875714,0.00903329389988179,0.00199843949919231,0.035850357342356
2024-12-17,0.00620407510375226,0.0104044529093162,0.0130060210455062,0.00723954795617827,0.00867697336746907,0.00310831945465425,0.00890868103692589,0.0101505527331854,0.0163340344060312,0.00872219366609612,0.00898227509344025,0.00198349444618513,0.0358447990005119
2024-12-18,0.00624958404210457,0.0102109486114111,0.0130308075456752,0.00784359813583692,0.0114594482633497,0.00317399216840743,0.0088665691094459,0.0101148323596975,0.0158619373682391,0.00868583114663625,0.00878177422660013,0.00200959350404171,0.0356625164611195
2024-12-19,0.00829201439722942,0.0140852299735007,0.0136935073188024,0.0111140812314606,0.014476488145156,0.00321527320417559,0.00892905785036621,0.0102515130639923,0.0153943369029954,0.00969086813433287,0.00871391847374527,0.00266753184968767,0.0360436751854859
2024-12-20,0.0082443724174598,0.0133531305805058,0.0136392906932675,0.00974036092866901,0.0122491448215829,0.00320678546908027,0.00904464125390928,0.010205494638858,0.0149262074363996,0.00976846530766233,0.00848963162770023,0.00275587493188919,0.0361748660654293
2024-12-23,0.00823992816600416,0.0127921522392622,0.0136027624812654,0.00888763638878322,0.0107473496000134,0.00331828812093722,0.00906698126315893,0.0101998024231352,0.0144925275198906,0.00974299416706885,0.0092897042316434,0.00266487621354636,0.036131515191524
2024-12-24,0.00821623712492833,0.0124361050930008,0.0135431284959496,0.00843444085284195,0.00981533654483594,0.00328556994671568,0.00901726362528214,0.010168218490642,0.0139705627755295,0.00969924047042627,0.00940376218486244,0.00276327732810956,0.0360254598860773
2024-12-26,0.00823614857034353,0.0123568010325715,0.013504345851922,0.00793506392892212,0.00898170859812779,0.00328844161544313,0.0089838439311246,0.0101650689233068,0.0136161512641908,0.00965938206654009,0.00923175216220448,0.00266509220534474,0.0363322473175869
2024-12-27,0.00820288696116113,0.011884096286235,0.0134734474528285,0.00771702590594279,0.00853186164941744,0.00329630341934925,0.00893958158641384,0.0101002977361141,0.0133184882414134,0.00962266920812189,0.00903557367177478,0.0026143630154684,0.03635248269805
2024-12-30,0.00825863909154307,0.0120314570624842,0.0134911168798444,0.00751454714726982,0.00833441289299404,0.00329230029222314,0.00892946349947872,0.0100744127926336,0.0131043294386217,0.00962797562048339,0.00884489452025517,0.00279852662536278,0.0362071269367453
2024-12-31,0.00828339532769125,0.0121533053555264,0.0134527633875306,0.00767904236683344,0.0087157477009487,0.00329590926020333,0.00895191148438859,0.0100365239871574,0.0131413074662325,0.00959159714366121,0.00898486534662787,0.00264268145911289,0.0359794102671526
2025-01-02,0.00831233841996245,0.0119483091535386,0.0133911662194387,0.00746965834765224,0.00833760236987737,0.00328252179380595,0.00889294849466984,0.0100040423485295,0.0129333768082215,0.00957988961701631,0.00882740599172144,0.00264177551290013,0.0358830391987832
2025-01-03,0.00822072782301574,0.011551134631889,0.0133294843633853,0.007424653012375,0.00796078944462812,0.00325866036496224,0.00885410979889276,0.0100308526901312,0.0134588398488722,0.00957323211264975,0.00889329596730196,0.00276696351008965,0.0359250948495511
2025-01-06,0.0082588623697284,0.0118030331520778,0.0133445351422276,0.00740441856960189,0.00853065588718468,0.00320910893443692,0.00881489342395304,0.010020904812653,0.0134214034070925,0.00962302352778409,0.00869315550681898,0.00257150845551707,0.0358883275482099
2025-01-07,0.00824775314038035,0.0116836991013206,0.0132769387265035,0.00782267194232331,0.00813715861727951,0.00323855601678976,0.00883147016118876,0.0100167024407207,0.013245041016938,0.00964995638145476,0.00847645665643314,0.00256652765952288,0.0358316715717348
2025-01-08,0.00830632080155702,0.0122504788741214,0.0132632145592087,0.007524974258809,0.00841990575799376,0.00311112998722178,0.00882467249271813,0.00994358942001032,0.0131197229044791,0.00970198202430764,0.00831453475577107,0.00257639055214145,0.0360964392200242
2025-01-10,0.00825296904563601,0.0117991941575677,0.0131897786467546,0.00736408896900625,0.00826157612625438,0.0032140347651118,0.00876086321862412,0.0100487149374656,0.0131816859167019,0.00960254366096413,0.00816685411856806,0.00257781052501151,0.0360445097401536
2025-01-13,0.00833946295942322,0.0121378297645585,0.0133074270861282,0.00804558016520455,0.0107293140391473,0.0030947398657365,0.00873870308985081,0.00989575187816683,0.0170181041141375,0.00985121909561186,0.0104944586786712,0.00279680698029455,0.035877574911807
2025-01-14,0.0083666266277962,0.0117477378869661,0.0132446889821759,0.00794020373842634,0.00999721769055443,0.00317503648087508,0.00869552051418641,0.0097549541549865,0.017127684783253,0.00992701279167806,0.0103972241678636,0.00275469547948698,0.0357366310028855
2025-01-15,0.00826741659870789,0.011367627872198,0.0132405817990223,0.00784845295198284,0.0101161401837052,0.00319895294776627,0.00865278469982785,0.00986958438235835,0.0166309584252508,0.00986687737085062,0.0102249948034528,0.00278336552588679,0.0356609367179101
2025-01-16,0.00909780910558285,0.0122775914008872,0.0131494697174672,0.00809009022460165,0.0105344592134925,0.0031609045851083,0.00878114221955145,0.0098444180348186,0.0181809780478491,0.00983439019515887,0.0107203315575148,0.00293815492764763,0.0356051225261082
2025-01-17,0.00867182783445774,0.0120044064393038,0.0131943218402327,0.00798494291495648,0.00945048262576931,0.00316320984779515,0.00874530881857479,0.00981594350689333,0.0181176299114535,0.00998970035412427,0.0106420018941142,0.00279196680230252,0.0354372665301127
2025-01-21,0.00838043691461843,0.0122281935278641,0.0131750068956948,0.00789838652473305,0.00920801193832688,0.00314336753889807,0.00870497401434797,0.00981864014083613,0.0174596501733373,0.00985837582901428,0.0104471569451521,0.0028390858429868,0.0354874532204482
2025-01-22,0.00838928215862237,0.0118476468341792,0.0132317272625016,0.00850205759466545,0.00949333734179438,0.00314201807174022,0.00870881011423545,0.00984061241026666,0.0175094261132574,0.0100472833922708,0.0103570866099304,0.00285713163301361,0.0353285995960031
2025-01-23,0.00834133053089331,0.0118019975438095,0.0131904250703336,0.00837155189684846,0.00871753480608049,0.00313202325855285,0.00868117098708829,0.00987891161563776,0.0170562949998123,0.0101385774581638,0.0101875488347954,0.00280056531482496,0.0352213567128903
2025-01-24,0.00830191023392213,0.0114209764060408,0.013136193773794,0.00835329710930424,0.00822144315765192,0.00312553833157718,0.0086684095352495,0.00977860444632852,0.0169991088829069,0.0101156989814675,0.0100577548909574,0.00285453682455578,0.0350784375556641
2025-01-27,0.0082644544848038,0.011202551395636,0.0130813586731731,0.00826786830467317,0.0082322756953898,0.00310768837597147,0.00863883011918657,0.00973042935768424,0.016464937181086,0.0101033588675463,0.00987594707772816,0.00273085661951976,0.0349287371962946
2025-01-28,0.00837126819006589,0.0131087463589488,0.0131199229503671,0.00816741630868821,0.0109847648145195,0.00313910942097902,0.00900189841303752,0.00981563674509616,0.0168846622073101,0.0101401917152313,0.0100790301563332,0.00277112823661742,0.0349577894155645
2025-01-29,0.0083699274067495,0.013053563665208,0.0129997816948806,0.00806674685257271,0.0101450958021512,0.00314903744802386,0.00863777680942905,0.00977704646934867,0.0165704135506975,0.0101284179769704,0.00994743052971376,0.00268704013769576,0.0347942697874198
2025-01-30,0.00834020534652673,0.0125699029041549,0.0129439311670519,0.00796517176763629,0.00920740341665321,0.00323185832704033,0.00859452927311018,0.00971102281938986,0.0164655042976117,0.0101557854320598,0.00978275737231517,0.00274499770520116,0.0347251035411428
2025-01-31,0.00836904957126765,0.0121564362792321,0.0129165049813732,0.00802975461816577,0.010793441896919,0.00311829580850228,0.00856145122595703,0.00979783788521605,0.0159586859061276,0.0101779218710019,0.00961917033289223,0.0026954282673916,0.0345589549801984
2025-02-03,0.00829923278183357,0.011785931858811,0.0129266253641681,0.00810390927109861,0.0107772930070863,0.00314403420567665,0.00854210106913276,0.00976184502453963,0.01549332749246,0.0101360240861616,0.00947175651753333,0.00271539438263458,0.0345877345876829
2025-02-04,0.00829322077192655,0.0116323177186529,0.0128848933112316,0.00823085709882274,0.0101363394671819,0.00309720830577399,0.00851340777975021,0.00970806490396166,0.015061177299506,0.0100939428725009,0.00935016821039283,0.00282349743313348,0.0344261273434547
2025-02-05,0.00831141439022577,0.0115980451742862,0.0128876684614732,0.00835378329430242,0.0115774753189571,0.00310161030090916,0.00847762213712767,0.00969339064105544,0.0146688516176024,0.0101022205377398,0.00919212973119933,0.00277586352070985,0.0343756459480405
2025-02-06,0.00824665013267009,0.0112974253969101,0.0129097856024984,0.00835047439976731,0.01028606636207,0.00311364035025431,0.00860242276660987,0.0096324599369467,0.0150770012811421,0.010085589808415,0.00912214084460279,0.00271526025215644,0.0342540519594457
2025-02-07,0.00821566866201597,0.0110356163657231,0.0128130986375935,0.0082663329998675,0.00943360083772898,0.00306694190794179,0.00854833809619076,0.00959192218542181,0.0148267071964794,0.0100432982439958,0.00899613996399802,0.00279884635510968,0.0340960169412235
2025-02-10,0.00823164534462043,0.0112307444667029,0.0128076273426112,0.00831360107036718,0.00875549039028791,0.00306906806923107,0.00856383455842162,0.00961705339114378,0.014449326183879,0.0100050329875883,0.00881822938499106,0.00280087110850743,0.0339631419629293
2025-02-11,0.00821520332366029,0.0112323862261295,0.012755738290298,0.00826995666789764,0.00945076619643105,0.00309745344478339,0.00849282983145686,0.00960755618291733,0.0149052715460163,0.00996108474731898,0.00912390486182009,0.00277140602703813,0.0338235337603494
2025-02-12,0.00802891943300474,0.010972875866551,0.0127122025105394,0.00818523054826351,0.00893892653318789,0.00313918639171488,0.00847351428251431,0.00959400490488553,0.0147152263978126,0.00992523285760339,0.00899332737443858,0.00263247168529349,0.0337729368671184
2025-02-13,0.00815869879225238,0.0107026524090408,0.0126884294387968,0.00807783458337673,0.00862814428207567,0.00309922915855426,0.00852984425160565,0.00950565595634753,0.0157044742964353,0.00997024118947404,0.00911945880732663,0.00274016136498949,0.0336301877588819
2025-02-14,0.00809449016554313,0.0109092392672799,0.0127133765130692,0.00821107440960747,0.00851207923196547,0.00317337667269196,0.00863957595500054,0.00953695340432754,0.0152513669258528,0.00995127999057749,0.00902263508241585,0.0027906028680281,0.0334825674443527
2025-02-18,0.00813534631846202,0.0106686243402383,0.0126147398995772,0.00806368321725659,0.00857714060237684,0.00311986926216405,0.00862347335867996,0.00961292474254356,0.0149651407665903,0.00972261274644409,0.00892513628921197,0.00266391119109583,0.0333263089219836
2025-02-19,0.00801027575553519,0.0104271930823115,0.012565909988238,0.00808046671034146,0.00844661018356843,0.00319256037307916,0.00864524794225354,0.00969397641380638,0.0149761249026051,0.00986508424777297,0.00911503631476784,0.00278061876545081,0.0333522921508692
2025-02-20,0.00807094256446834,0.0101970833412312,0.0125145843869821,0.00816259332426398,0.00810587280208021,0.00317557120270218,0.00860670405494372,0.00971238129968739,0.0146298815970101,0.00980378243542751,0.00902816890019871,0.00276688944508041,0.0332370927140131
2025-02-21,0.00805192328199205,0.0100691129380618,0.0125129285055765,0.00808954214817192,0.00853021273263741,0.00313665811086459,0.0085753934213474,0.00970494444227929,0.0142523024863222,0.00976870258257377,0.00886418490721361,0.00274991108824301,0.0331460925689061
2025-02-24,0.00817780058498656,0.0111539371772269,0.0127380732667467,0.00806087486546432,0.00823140676080541,0.00324620171401695,0.00861302235209207,0.00971351518542472,0.0159350279841399,0.00970785727675567,0.00932850378538041,0.00273582128689108,0.0332291846703417
2025-02-25,0.00815845654033821,0.0112609933656822,0.0127017785910114,0.00796533389644095,0.0101765688011942,0.00321865168301291,0.00857877299102214,0.00975724721398643,0.0155937805680422,0.00973382799696272,0.00918812570786676,0.00274284959097843,0.0330899844282631
2025-02-26,0.00816064687941272,0.011398184727307,0.0126518297194309,0.00798377984626272,0.00923355806872713,0.00328880080822965,0.00869030143073712,0.00957247487137992,0.0163065038625942,0.00963451342209913,0.00932608970411455,0.00264928739499401,0.0335531600690865
2025-02-27,0.00814425937756123,0.0111032246424332,0.0125963885907747,0.00789358164864402,0.00934518359562231,0.00312031949133473,0.00866916541531379,0.00953215156378137,0.0158647334342213,0.00975764747790797,0.00925087808083357,0.0026567615627951,0.0336725070438432
2025-02-28,0.00856461057603887,0.0126546682799831,0.0126239686970121,0.00802362241467164,0.011760062293614,0.00321156491405459,0.00865659132961093,0.009609667795163,0.0160736140670937,0.00968550625287173,0.00911332065697377,0.00274946477584115,0.0335351218185115
2025-03-03,0.008283334313408,0.0127287050694774,0.0126056117485513,0.00793440634915553,0.0118148157754405,0.0032424122316444,0.00869261354940081,0.00959360169588893,0.0156301285142627,0.00966770288132385,0.00905780565750471,0.00261546384966002,0.0333898888471828
2025-03-04,0.00840301537539984,0.0135082418621373,0.0128091165877227,0.00801007014204837,0.0110128781536482,0.00326149612513743,0.00865437068484262,0.00963262447039069,0.0164081692520888,0.0096327006488129,0.00910964728340199,0.00275414885324901,0.0332816644915701
2025-03-05,0.00850160526189848,0.0129535086487921,0.012793879084896,0.00794023147005036,0.0103054979626665,0.00315489116136895,0.00869139439893804,0.00959927952154972,0.0159438879190253,0.00967374437704618,0.00897519190547701,0.00265494464495606,0.0331316060200053
2025-03-06,0.00845840946139406,0.0128062707406505,0.0128019440378578,0.00859914470578741,0.0151653036206577,0.00314691820226353,0.00868476964375716,0.00955980248954852,0.0167122773906434,0.00966240791934617,0.00890672859477677,0.002738958081881,0.0331886565095037
2025-03-07,0.0106856785559525,0.0142738268383596,0.0127949338926758,0.00868930290955797,0.0131104778692179,0.00315320845276889,0.00865254514471984,0.00952495996905603,0.0162576462484974,0.00992605447597383,0.00880103399526946,0.00265807459162208,0.0330790740321997
2025-03-10,0.00999358897071056,0.0136906065989897,0.0126505050394341,0.00860159209192934,0.0114788186476572,0.00308670868903434,0.00862002912882528,0.00956330062521594,0.0161114944176849,0.00988200967386894,0.00885528662047803,0.00262279538411059,0.0330215575397612
2025-03-11,0.0126756663601578,0.0172341787725857,0.0128942056561458,0.010917752756147,0.0143091257886741,0.00319433138011867,0.00863600643943227,0.00954181146396161,0.0161771477853977,0.00991433819449472,0.00887708390022939,0.00278816963435805,0.0340466665324075
2025-03-12,0.0119106861561024,0.0161300577036089,0.012841154779318,0.0097257376022848,0.0126740278900292,0.00316690139048729,0.00862351555848437,0.00963069911488799,0.0158412717381413,0.00990813952399337,0.0087939624863771,0.00275578994114638,0.0342132514494601
2025-03-13,0.0110085534293346,0.0154629368813549,0.012789178744347,0.00904704488576418,0.0112664326150548,0.00321252090893631,0.00860343087006081,0.00947486209587088,0.0160188436537483,0.00991554117348242,0.00868610141454244,0.00275617389288039,0.0340664787802119
2025-03-14,0.0110894350051144,0.0155572220440078,0.0128063662873141,0.00921055090889234,0.0102321566787908,0.00317066768682034,0.00862046561855092,0.00963301666858178,0.0160722779296777,0.00998320240833959,0.00863201597596903,0.00272867089832464,0.0340881585571867
2025-03-17,0.0120586409015403,0.0161647724820315,0.0129897461453413,0.00967922347311263,0.0117050584079947,0.00319295056619953,0.00858097925443909,0.00955287859510297,0.015779327215308,0.0101367655599321,0.00855135107720097,0.00283013571362706,0.0343247687091884
2025-03-18,0.0112888939161102,0.0153158796321431,0.0129352016862775,0.00945128885710106,0.0123109906141009,0.00315575803981007,0.00856203993328584,0.00935476926416485,0.0154252460930186,0.0101646319311112,0.00853622414295202,0.0028025355016887,0.0341800014056257
2025-03-19,0.0110478257489047,0.0153455570685239,0.0129486130714822,0.00876435458164513,0.0111028087681413,0.00314569998626285,0.00859562740818065,0.00948700185882328,0.0151364211030476,0.0101364836643929,0.00844829769829785,0.00290621218666566,0.0341324475526413
2025-03-20,0.0107011484337616,0.0149360145506395,0.0129545111983628,0.00829541143974964,0.0100069959417294,0.00304016437733533,0.008497755667738,0.00948243750250263,0.0147708188784109,0.0101029689933328,0.00843080578733217,0.0028265884245044,0.0341496931858406
2025-03-21,0.00998269731793839,0.0141940701186915,0.0129028695986463,0.00834384830043764,0.010005842119029,0.00309674546167167,0.0086535960001022,0.00944543909060271,0.014990201538308,0.0100576517242237,0.00832061898570637,0.00277118503077621,0.0340439742415387
2025-03-24,0.0093541665111496,0.0134975336988398,0.0128633673404928,0.00821614181371759,0.00945820884097436,0.00318842424946644,0.00844358193727107,0.00941598193072979,0.0146192145593714,0.0100673765583151,0.00822885633000048,0.00282375996192588,0.0339022196980174
2025-03-25,0.0102987995462434,0.01396720224314,0.012998264141407,0.00876269831885927,0.0089384978693203,0.0031449855915842,0.00845613673392669,0.00939256774416033,0.0146473084622572,0.0101173893009779,0.00817943144060187,0.00279538154355398,0.0340639551722254
2025-03-26,0.00962777783872847,0.0133489606086103,0.0129743819708844,0.00875180118152687,0.00855495637288373,0.00312014831605037,0.00841974023855687,0.0094641340651139,0.014290017004716,0.0102474563398867,0.00803549470630103,0.0027705290796897,0.0339212704604343
2025-03-27,0.00985671076641958,0.0138137583035917,0.0129706798579352,0.00877008613277921,0.00858774666793944,0.00327878150176217,0.00841041329611302,0.00938452740354298,0.0140444125800637,0.0102574862587999,0.0078907924954949,0.00287153759041408,0.0338352409136643
2025-03-28,0.0092988416858915,0.0132860495010899,0.0129005097831451,0.00877839738243369,0.00836822349243128,0.00313431289088326,0.00839979391190241,0.00934613459946204,0.0136828846330358,0.0101775737239842,0.00774860829573699,0.00279337467568079,0.0336922936876598
2025-03-31,0.0108542938303062,0.0147191033586764,0.0130093318873194,0.00875623931018524,0.0109847784539152,0.00314600834235302,0.00843181491899531,0.00932459661945641,0.0135832552351659,0.0101397140330515,0.00767968209551608,0.00274494433057138,0.033751073632113
2025-04-01,0.0102989418937762,0.0140035801932109,0.0129206645858771,0.0083279914415763,0.00995466483359233,0.00305189630289968,0.00844352185612058,0.00952115900421334,0.0154987079617584,0.0101310343025555,0.00833480080521134,0.00275651156895015,0.0336478089308299
2025-04-02,0.00968072005569398,0.0135099024383589,0.0127318311422369,0.00871763615240943,0.00926573091748676,0.00315560860525073,0.00842014449343054,0.00946607425808953,0.0151472593231474,0.0101386723493788,0.00819483591192065,0.00281907602500597,0.0336156235999923
2025-04-03,0.00926899489996103,0.0130360762332783,0.0128987909243573,0.00869028928414973,0.00872690575464871,0.00312106139086273,0.00838475202897384,0.00896441942919869,0.01489258549796,0.0101086679821008,0.00814386458277665,0.00272392349311846,0.0335272728221586
2025-04-04,0.0173504804314715,0.0194432628395022,0.0139705006750313,0.0091831548348664,0.0105338420522059,0.00316422325386523,0.00835925413741152,0.0091782514060613,0.0219166257070837,0.0104479190471111,0.0101631699490404,0.00281198704456591,0.0338239181774779
2025-04-07,0.0273147281510109,0.0278814248716195,0.0143733475334055,0.0206700138790153,0.0292653058938779,0.00314271636144919,0.00838091329931673,0.0095604324376666,0.030320425371238,0.0110177418549503,0.0193829396949783,0.00399680988595175,0.033745011750567
2025-04-08,0.0249497349117871,0.0258910262085397,0.0143594542424369,0.0213762296157436,0.0294453326859699,0.0033135499636676,0.00882807263662197,0.00967432422700655,0.0294876193958746,0.0146872579139249,0.017903044564106,0.00492226444836861,0.0342580131092693
2025-04-09,0.0236681288524686,0.0249548787886315,0.0144494774304792,0.0200230774979721,0.0237258266935074,0.00333559899142665,0.00891244974393701,0.00967487172538177,0.03047417657958,0.0153718986469486,0.0171696669576172,0.00368875270531526,0.0341541610880146
2025-04-10,0.0484159670134575,0.0522784104239472,0.0415524283968569,0.0432924918595114,0.0406788907405341,0.00334060014696936,0.00886111291551782,0.0128777666776044,0.0368908361965919,0.0323161067960133,0.022990021247925,0.0122556954305211,0.0346200788558944
2025-04-11,0.0475657901691506,0.0509052906031114,0.0385205337928629,0.0345062343780631,0.0328348266217312,0.00330844030118609,0.00912905035800657,0.0139787820863277,0.0355874631989498,0.0203228206340376,0.0209708546958613,0.0124816754281851,0.0346412778724549
2025-04-14,0.0435485444707248,0.0472397991693437,0.0319908474421058,0.0291478596974082,0.0301316533194294,0.00338050634994608,0.00910971798078085,0.0141452289267802,0.0328817894980904,0.0133625068184113,0.0192207619458359,0.010291524319344,0.0348225090136174
2025-04-15,0.0396170841594827,0.0435535474556279,0.0265380130726526,0.0227122627233976,0.0238540025472737,0.00341377514201072,0.00909730522474344,0.0134620051849652,0.0300017479844749,0.0147100117405451,0.0165183418444269,0.00863717203496609,0.0347012612341791
2025-04-16,0.035982094686588,0.0401898834445924,0.0208870784015893,0.0176209143149608,0.0185324344398471,0.00332990397690899,0.00908978427556284,0.0127612045542074,0.0274083584543,0.0109404766837143,0.0140964859702968,0.00692541654006551,0.0345871980710399
2025-04-17,0.033966355232246,0.038867861138754,0.0159705754872781,0.0134233614517514,0.0158860133698395,0.00340302772886528,0.00889114800683343,0.0150297751893598,0.0258195361542622,0.00969995838080075,0.0133898400324028,0.00524040345657142,0.0344543454335774
2025-04-21,0.0307154812185529,0.0358221142737433,0.012666533081899,0.0118170274964198,0.0131157147425322,0.00334185228306447,0.00904667594338967,0.0142381711269789,0.0251796171626794,0.0118445841255638,0.0123140855982345,0.00500024839335723,0.0343228160524873
2025-04-22,0.0294705500171467,0.0343801597272476,0.0157453798704001,0.0100670199279994,0.0106992936658483,0.00343005856831695,0.00912904181222691,0.0160272280798797,0.0233578508958514,0.0144496390606432,0.0113932038998704,0.00506461061962311,0.0342781363193987
2025-04-23,0.0284928958807975,0.0330148829946763,0.0182027647189839,0.0136097431750203,0.0119668635249573,0.00340932603295096,0.00910978104361274,0.0157570777022778,0.0214877119049388,0.0143599267882447,0.0105401931576463,0.00447535681383694,0.034373930394487
2025-04-24,0.0262802088952401,0.0313722716181775,0.0154566619916093,0.01114963013015,0.0115639799281055,0.00338091222146764,0.00911504714303494,0.0167245106237774,0.0208817722808673,0.0106191998994216,0.0101246488032703,0.00433082679377649,0.0342806118625953
2025-04-25,0.0249638450565902,0.0305468541018223,0.017097084166651,0.0113491072535168,0.0113523503536286,0.00334561992766571,0.00912646903556916,0.016196092464367,0.0191213950655789,0.00977355543471309,0.00987470096142846,0.00537967962138269,0.0341488571823142
2025-04-28,0.0223804711416686,0.0281241003160933,0.0148562642087011,0.00968840728168567,0.0098729049341715,0.00331565821315869,0.00911569322000176,0.0156238042208207,0.0177396000983153,0.00950794997859352,0.00928979200384858,0.00457679464830303,0.0340470329057311
2025-04-29,0.0196696198093245,0.0254157264489722,0.013376337106554,0.00895469316091656,0.0088548441832043,0.00341984248913745,0.00915526278962258,0.0152053324291037,0.0179132445875375,0.00986884880514892,0.00905317047524746,0.00391636519822385,0.0339261929491003
2025-04-30,0.0172207114868341,0.0228355786597058,0.0125373628000611,0.00801899849182408,0.00826997844788367,0.00343261582690366,0.00909431552666616,0.0146795825947798,0.0196205035285356,0.00979250492162572,0.0103844176849653,0.00354776122319188,0.0337960851055797
2025-05-01,0.0147737457615532,0.0201686440369571,0.0120683902698665,0.00749809543128253,0.00790153374507363,0.00342785501502014,0.00908701738354047,0.0140560850120796,0.0218856821928913,0.0095569856102161,0.0121471216684909,0.00401143747958922,0.0336926099218769
2025-05-02,0.0129477759237491,0.0185216932736701,0.0120290324667508,0.0074039778913319,0.00764207139899573,0.00344509438222993,0.00909568821648394,0.0148510356466788,0.0208714891266189,0.00947388918091611,0.0110937736531057,0.00393438332298463,0.0336290645993234
2025-05-05,0.0131089969776818,0.0174739042456974,0.0152583588074031,0.0116157533603631,0.0156633636668951,0.00347845009026298,0.00909473385038237,0.0139891812366028,0.019587149883788,0.0111544082720509,0.0102594287831385,0.00365787085286025,0.0334981632426323
2025-05-06,0.011905554810596,0.0158083155738723,0.0139102258307078,0.00970576036534415,0.0130554514814921,0.00346080876330984,0.00907419158160532,0.0157261819623494,0.0202629445632597,0.0097649568342607,0.0101482635480402,0.00330068419735463,0.0334773610187507
2025-05-07,0.0113463871906949,0.0148297940914642,0.0135948004957117,0.00857486275546388,0.0112398380245681,0.00341170096720198,0.00904749723129446,0.0168231296761867,0.0223155016668616,0.0102339837659838,0.0107218720652745,0.00304844552080151,0.0333481965417963
2025-05-08,0.0102211867576597,0.0134243698212585,0.0126248546811212,0.00808847334941237,0.0115198839301881,0.00328879947637901,0.00902341485546769,0.0166343759199075,0.0214941755411758,0.00947984146733799,0.0107467485495621,0.00284589253350349,0.0332305584789701
2025-05-09,0.00959190719533875,0.0128461671846341,0.0144182174893547,0.00781937425860983,0.0100463991733974,0.00341927420675803,0.00903768591926282,0.0169204716194906,0.0227566481397185,0.00954980355743634,0.0111664871092381,0.00270992369062302,0.0334026662031002
2025-05-12,0.00875806596826804,0.0118127955411938,0.0131405868578571,0.00763288608510496,0.00952648940112689,0.00338504043126991,0.0090080945029534,0.0160582569458161,0.021690833098334,0.00984464037687678,0.0107086979863026,0.00261111552860056,0.0332998639118495
2025-05-13,0.016018626767053,0.0196964796295254,0.0189230614256029,0.00754860653611049,0.0132399605107955,0.00366521668426474,0.00900786240477428,0.0176203483970428,0.0207330230444076,0.00963535633810229,0.0101302392973825,0.00447711735696667,0.0332005784240877
2025-05-14,0.0147783592591576,0.0189217032401215,0.0162654262063308,0.007190779122937,0.0111624520609169,0.00335007594990337,0.00904744187752897,0.0166482917444412,0.0216011672054707,0.0114212166846563,0.0104787006925107,0.00400550786883623,0.033156986002109
2025-05-15,0.0135029272134248,0.0175764378888396,0.0149787730488919,0.00752953537415665,0.0103237336999211,0.00329139123454193,0.00896745454585434,0.0171170546082263,0.020568429565447,0.0109567031496186,0.0101758736308555,0.00391335399834898,0.0330644963395337
2025-05-16,0.012441715547141,0.0162489419937701,0.0138675165407684,0.00874441954802811,0.00933395893112351,0.00341512329409004,0.0089658900005642,0.0167141212623599,0.020024445435251,0.0132361082892068,0.00980924760452367,0.0035857366010088,0.0329376513458819
